image_name,response
image_ (1095).jpg,"{'role': 'assistant', 'content': 'The covered region in the image likely contains a Facebook and Pinterest logo, as indicated by the social media icons at the bottom of the image.', 'tool_calls': []}"
image_ (132).jpg,"{'role': 'assistant', 'content': 'The covered region likely contains a piece of furniture, such as a couch or a chair, given the context of the image featuring a cartoon character and a curtain.', 'tool_calls': []}"
image_ (2695).jpg,"{'role': 'assistant', 'content': 'The covered region likely contains a body of water, possibly an ocean or sea, as suggested by the dark, waving surface visible in the lower portion of the image.', 'tool_calls': []}"
image_ (3999).jpg,"{'role': 'assistant', 'content': 'The covered region in the image might contain a sign or advertisement. The white box is positioned in a way that suggests it is covering a space meant for text or graphics.', 'tool_calls': []}"
image_ (2751).jpg,"{'role': 'assistant', 'content': ""Based on the context of the image, the covered region likely contains the lower half of the host's body, specifically their trousers, shoes, and part of their legs."", 'tool_calls': []}"
image_ (3054).jpg,"{'role': 'assistant', 'content': 'The covered region likely contains a person in a formal or elegant setting, possibly attending a party or event. The context suggests a social gathering, and the person might be a guest or host.', 'tool_calls': []}"
photo_5404594267999035805_y.jpg,"{'role': 'assistant', 'content': ""The covered region in the image likely contains the pilot's seat or cockpit area. The context of the image, which shows a person in a helmet and a cockpit-like environment with various control panels and screens, suggests that this is the cockpit of a spacecraft or aircraft."", 'tool_calls': []}"
image_ (2338).jpg,"{'role': 'assistant', 'content': ""The covered region in the image likely contains a part of the person's eye. Given the context of the image, which appears to be a close-up of a person speaking, it is reasonable to assume that the covered area is part of the person's face, specifically their eye."", 'tool_calls': []}"
image_ (1174).jpg,"{'role': 'assistant', 'content': 'The covered region in the image likely contains a speech bubble or some text. Given the context of the image featuring Deadpool holding a plate with a burrito, the covered region could be a speech bubble with Deadpool saying something related to the burrito, such as ""It\'s a good burrito!"" or ""Burrito time!""', 'tool_calls': []}"
photo_5404594267999035809_y.jpg,"{'role': 'assistant', 'content': 'The covered region likely contains some documents or papers pinned or taped to a bulletin board or corkboard. The area appears to be part of a busy, cluttered office space, and the covered region is in close proximity to the man, who is gesturing towards it, suggesting it is relevant to the conversation or task at hand.', 'tool_calls': []}"
photo_5404594267999035803_m.jpg,"{'role': 'assistant', 'content': 'In the image, there is a white box covering a region near the lower left corner of the frame. Based on the context of the image, which appears to be a street scene with cars and people in the background, it is likely that the covered region contains text. This could be a caption, a street sign, or some other form of written', 'tool_calls': []}"
photo_5404594267999035810_y.jpg,"{'role': 'assistant', 'content': ""The covered region in the image appears to be the midsection of a shirtless man. The man is standing on a wet surface, likely a street or a pool, with his arms raised and water splashing around him. The covered region would typically show the upper part of the man's torso, including his chest and part of his stomach."", 'tool_calls': []}"
